id,hip,hd,hr,gl,bf,proper,ra,dec,dist,pmra,pmdec,rv,mag,absmag,spect,ci,x,y,z,vx,vy,vz,rarad,decrad,pmrarad,pmdecrad,bayer,flam,con,comp,comp_primary,lum,var,var_min,var_max
1,677,358,15,,21Alp And,Alpheratz,0.139791,29.090432,29.7442,135.68,-162.95,-12,2.07,-0.297,B9p,-0.038,25.974572,0.951042,14.461264,-0.00000002,0.00001958,-0.0000265,0.036597163,0.507723818,6.57795E-07,-7.90004E-07,Alp,21,And,1,676,114.4985535,Alp,2.083,2.063
2,746,432,21,Gl 8,11Bet Cas,Caph,0.152887,59.14978,16.7842,523.39,-180.42,11.3,2.28,1.155,F2III-IV,0.38,8.600014,0.344589,14.409503,0.00001681,0.00004329,0.00000239,0.040025853,1.032358404,2.53747E-06,-8.74701E-07,Bet,11,Cas,1,744,30.06076303,Bet,2.303,2.263
3,1067,886,39,,88Gam Peg,Algenib,0.220598,15.183596,120.048,4.7,-8.24,4,2.83,-2.567,B2IV,-0.19,115.664183,6.687324,31.442127,0.00000504,0.00000303,-0.00000356,0.057752413,0.26500374,2.27862E-08,-3.99486E-08,Gam,88,Peg,1,1065,926.4031007,Gam,2.846,2.816
4,2081,2261,99,,Alp Phe,Ankaa,0.438056,-42.305981,25.974,232.76,-353.64,75,2.4,0.327,K0III...,1.083,19.083654,2.198282,-17.483284,0.00002323,0.00003218,-0.00008456,0.114682903,-0.738378669,1.12845E-06,-1.7145E-06,Alp,,Phe,1,2076,64.44659847,,,
5,3179,3712,168,,18Alp Cas,Shedir,0.675116,56.537331,69.979,50.36,-32.17,-4,2.24,-1.985,K0II-IIIvar,1.17,37.984817,6.784483,58.379619,0.00000374,0.00001802,-0.00000943,0.176744881,0.986762576,2.44152E-07,-1.55965E-07,Alp,18,Cas,1,3172,542.0008904,Alp,2.25,2.23
6,3419,4128,188,Gl 31,16Bet Cet,Diphda,0.72649,-17.986605,29.5334,232.79,32.71,13.3,2.04,-0.312,K0III,1.019,27.583638,5.310463,-9.119792,0.00000782,0.00003545,0.00000025,0.190194642,-0.31392547,1.1286E-06,1.58583E-07,Bet,16,Cet,1,3413,116.091387,,,
7,3765,4628,222,Gl 33,,96 G. Psc,0.806382,5.280615,7.4549,758.04,-1141.22,-10,5.74,6.378,K2V,0.89,7.258368,1.555495,0.686093,-0.00001198,0.00002545,-0.00004201,0.211110319,0.092164116,3.67508E-06,-5.53279E-06,,,Psc,1,3759,0.244793567,,,
8,3829,,,Gl 35,,Van Maanen's Star,0.819416,5.38861,4.2626,1233.05,-2710.56,54,12.37,14.222,DG,0.554,4.146957,0.903519,0.400348,0.00005345,0.00003772,-0.00005057,0.214522514,0.094048979,5.978E-06,-1.31412E-05,,,,1,3820,0.00017832,,12.621,12.091
9,4427,5394,264,,27Gam Cas,Cih,0.945143,60.71674,168.3502,25.65,-3.82,-7,2.15,-3.981,B0IV:evar,-0.046,79.836717,20.168018,146.837047,-0.00000589,0.0000201,-0.00000777,0.247437951,1.059707029,1.24355E-07,-1.85199E-08,Gam,27,Cas,1,4417,3407.218617,Gam,2.173,2.133
10,5447,6860,337,Gl 53.3,43Bet And,Mirach,1.162194,35.620558,60.5327,175.59,-112.23,-0.8,2.07,-1.84,M0IIIvar,1.576,46.946371,14.741814,35.255129,0.00000223,0.00005471,-0.00002725,0.304261793,0.621696012,8.51284E-07,-5.44106E-07,Bet,43,And,1,5436,474.2419853,,,
11,6686,8538,403,,37Del Cas,Ruchbah,1.430216,60.235283,30.4785,297.24,-49.49,7,2.66,0.24,A5Vv SB,0.16,14.082378,5.53413,26.457567,-0.00000685,0.0000445,0.00000258,0.374429587,1.051304016,1.44106E-06,-2.39934E-07,Del,37,Cas,1,6672,69.82324041,Del,2.666,2.656
12,7588,10144,472,,Alp Eri,Achernar,1.628556,-57.236757,42.7533,88.02,-40.08,16,0.45,-2.705,B3Vp,-0.158,21.065573,9.568417,-35.951967,-0.00000584,0.00001738,-0.00001826,0.426355066,-0.998969869,4.26733E-07,-1.94313E-07,Alp,,Eri,1,7574,1051.961874,Alp,0.487,0.427
13,8903,11636,553,Gl 80,6Bet Ari,Sheratan,1.910668,20.808035,17.9856,96.32,-108.8,-4,2.64,1.365,A5V...,0.165,14.752622,8.063457,6.389157,-0.00000443,0.00000715,-0.00001032,0.500211742,0.363168722,4.66973E-07,-5.27477E-07,Bet,6,Ari,1,8884,24.77422058,,,
14,9640,12533,603,,57Gam1And,Almaak,2.064984,42.329725,120.4819,43.08,-50.85,-12,2.1,-3.305,B8V,1.37,76.368059,45.840864,81.131974,-0.00000358,0.0000272,-0.00003022,0.540611677,0.738793067,2.08858E-07,-2.46528E-07,Gam-1,57,And,1,9618,1828.100216,,,
15,9884,12929,617,Gl 84.3,13Alp Ari,Hamal,2.119555,23.462423,20.1776,190.73,-145.77,-14.4,2.01,0.486,K2III,1.151,15.731986,9.751722,8.03361,-0.00001649,0.00001173,-0.00001894,0.554898131,0.409496533,9.24685E-07,-7.06713E-07,Alp,13,Ari,1,9861,55.66727982,,,
16,10826,14386,681,,68Omi Cet,Mira,2.322442,-2.977643,91.659,10.33,-239.48,64,6.47,1.659,M5e-M9e,0.966,75.131148,52.288786,-4.761374,0.00004649,0.00003795,-0.00010967,0.608013998,-0.051969667,5.00813E-08,-1.16103E-06,Omi,68,Cet,1,10800,18.89731054,Omi,8.511,4.871
17,11767,8890,424,,1Alp UMi,Polaris,2.52975,89.264109,132.626,44.22,-11.74,-17,1.97,-3.643,F7:Ib-IIv SB,0.636,1.3431,1.047629,132.614909,-0.00001171,0.00002692,-0.00001748,0.662287075,1.557952613,2.14385E-07,-5.69171E-08,Alp,1,UMi,1,11734,2495.743795,Alp,1.993,1.953
18,12114,16160,753,Gl 105A,,268 G. Cet,2.601357,6.88687,7.1803,1806.27,1442.5,26,5.79,6.509,K3V,0.918,5.538462,4.488223,0.861013,-0.00002374,0.00006168,0.00005304,0.681033735,0.120198562,8.75704E-06,6.99344E-06,,,Cet,1,12082,0.216970155,,,
19,13847,18622,897,,The1Eri,Acamar,2.971023,-40.304672,49.4315,-53.53,25.71,12,2.88,-0.59,A4III+...,0.128,26.85749,26.453029,-31.974932,0.00001851,0.00000023,-0.00000324,0.777812118,-0.703449236,-2.59521E-07,1.24646E-07,The-1,,Eri,1,13813,149.9684836,,,
20,14135,18884,911,,92Alp Cet,Menkar,3.037992,4.089734,76.3942,-11.81,-78.76,-26,2.54,-1.875,M2III,1.63,53.342561,54.414384,5.448321,-0.00001399,-0.00002052,-0.00003099,0.795344514,0.071379323,-5.72565E-08,-3.81839E-07,Alp,92,Cet,1,14100,489.7788194,Alp,2.561,2.521
21,14576,19356,936,,26Bet Per,Algol,3.136148,40.955648,27.571,2.39,-1.44,4,2.09,-0.112,B8V,-0.003,14.189428,15.238793,18.072114,0.00000196,0.00000257,0.00000254,0.821041501,0.714810898,1.1587E-08,-6.98132E-09,Bet,26,Per,1,14540,96.56060985,Bet,2.213,2.073
22,15510,20794,1008,Gl 139,,82 G. Eri,3.331944,-43.069784,6.0434,3038.08,726.34,86.7,4.26,5.354,G8V,0.711,2.839238,3.381499,-4.127499,-0.00001715,0.00011797,-0.00004501,0.872300799,-0.751709536,1.4729E-05,3.5214E-06,,,Eri,1,15471,0.628637088,,,
23,15863,20902,1017,,33Alp Per,Mirphak,3.405378,49.86118,155.2795,24.11,-26.01,-2,1.79,-4.166,F5Ib,0.481,62.885098,77.880689,118.708804,-0.00000555,0.00002202,-0.00001419,0.891526004,0.870241752,1.16889E-07,-1.261E-07,Alp,33,Per,1,15824,4040.173354,,,
24,17702,23630,1165,,25Eta Tau,Alcyone,3.79141,24.105137,123.6094,19.35,-43.11,10,2.85,-2.61,B7III,-0.086,61.664507,94.489136,50.483636,0.00000116,0.00002299,-0.0000194,0.992588775,0.420714009,9.38114E-08,-2.09003E-07,Eta,25,Tau,1,17661,963.8290236,,,
25,18543,25025,1231,,34Gam Eri,Zaurak,3.967157,-13.508515,62.3441,60.51,-111.34,62,2.97,-1.004,M1IIIb Ca-1,1.588,30.760217,52.235828,-14.56308,0.00001154,0.00005563,-0.00004753,1.038599284,-0.235768069,2.93361E-07,-5.39792E-07,Gam,34,Eri,1,18497,219.5836501,Gam,3,2.95
26,21421,29139,1457,Gl 171.1A,87Alp Tau,Aldebaran,4.598677,16.509301,20.4332,62.78,-189.36,54.5,0.87,-0.682,K5III,1.538,7.02722,18.287604,5.806661,0.00001528,0.00005709,-0.00000214,1.203930811,0.288141666,3.04366E-07,-9.18043E-07,Alp,87,Tau,1,21368,163.2300073,Alp,0.888,0.858
27,23015,31398,1577,,3Iot Aur,Hassaleh,4.949894,33.16609,151.2859,3.63,-18.54,18,2.69,-3.209,K3IIvar,1.49,34.378539,121.884168,82.763748,0.00000364,0.00002271,-0.00000131,1.295879211,0.578857475,1.75987E-08,-8.98845E-08,Iot,3,Aur,1,22961,1673.400907,,,
28,23875,33111,1666,Wo 9175,67Bet Eri,Cursa,5.130829,-5.086446,27.3973,-83.39,-75.44,-9.2,2.78,0.591,A3IIIvar,0.161,6.156194,26.585876,-2.429001,0.00000848,-0.00001249,-0.00000915,1.343247953,-0.088775232,-4.04286E-07,-3.65743E-07,Bet,67,Eri,1,23820,50.53589948,,,
29,24186,33793,,Gl 191,,Kapteyn's Star,5.194169,-45.018417,3.9114,6506.05,-5731.39,245.5,8.86,10.898,M0V,1.543,0.578997,2.705174,-2.76822,-0.00009951,0.0001243,-0.00025439,1.359830239,-0.785719603,3.15422E-05,-2.77866E-05,,,Pic,1,24129,0.003808904,VZ,9.148,8.828
30,24436,34085,1713,,19Bet Ori,Rigel,5.242298,-8.20164,264.5503,1.87,-0.56,21,0.18,-6.933,B8Ia,-0.03,51.601106,256.709905,-37.740051,0.00000182,0.00002121,-0.00000377,1.372430369,-0.143145631,9.06602E-09,-2.71496E-09,Bet,19,Ori,1,24378,51665.42426,,,
31,24608,34029,1708,Gl 194A,13Alp Aur,Capella,5.27815,45.997991,13.1234,75.52,-427.13,22.2,0.08,-0.51,M1: comp,0.795,1.712633,8.954439,9.440007,0.00000192,0.00003559,-0.00000254,1.381816413,0.802816393,3.66131E-07,-2.07078E-06,Alp,13,Aur,1,24549,139.3156803,,,
32,25336,35468,1790,,24Gam Ori,Bellatrix,5.418851,6.349702,77.3994,-8.75,-13.28,18,1.64,-2.804,B2III,-0.224,11.658576,76.036136,8.56012,0.0000061,0.00001813,-0.00000292,1.418651834,0.11082321,-4.24212E-08,-6.43833E-08,Gam,24,Ori,1,25273,1152.391377,,,
33,25428,35497,1791,,112Bet Tau,Alnath,5.438198,28.60745,41.0509,23.28,-174.22,9,1.65,-1.417,B7III,-0.13,5.281578,35.6504,19.655456,-0.00000097,0.00002509,-0.00002603,1.423716809,0.499294192,1.12865E-07,-8.44642E-07,Bet,112,Tau,1,25364,321.2180934,,,
34,25606,36079,1829,,9Bet Lep,Nihal,5.470756,-20.759441,49.1642,-5.03,-85.92,-14,2.81,-0.648,G5II,0.807,6.349344,45.531613,-17.425966,-0.00000166,-0.00002061,-0.00001407,1.432240699,-0.362320595,-2.43861E-08,-4.16552E-07,Bet,9,Lep,1,25542,158.1976399,,,
35,25930,36486,1852,,34Del Ori,Mintaka,5.533445,-0.299092,212.3142,1.67,0.56,16,2.25,-4.385,O9.5II,-0.175,25.868117,210.729667,-1.108306,0.00000029,0.00001645,0.00000049,1.448652417,-0.00522014,8.09639E-09,2.71496E-09,Del,34,Ori,1,25865,4943.10687,Del,2.334,2.234
36,25985,36673,1865,,11Alp Lep,Arneb,5.545504,-17.822289,680.2721,3.27,1.54,24,2.58,-6.583,F0Ib,0.211,76.877195,643.047236,-208.208,-0.00000775,0.00002603,-0.00000268,1.451809652,-0.311057615,1.58534E-08,7.46613E-09,Alp,11,Lep,1,25920,37428.29122,,,
37,26241,37043,1899,,44Iot Ori,Hatsya,5.590551,-5.909901,714.2857,2.27,-0.62,22,2.75,-6.519,O9III,-0.21,76.014147,706.411475,-73.54604,-0.00000544,0.00002287,-0.00000445,1.463602742,-0.103147236,1.10053E-08,-3.00584E-09,Iot,44,Ori,1,26176,35285.80258,,,
38,26311,37128,1903,,46Eps Ori,Alnilam,5.603559,-1.20192,606.0606,1.49,-1.06,26,1.69,-7.223,B0Ia,-0.184,62.775122,602.66691,-12.712683,-0.00000161,0.00002683,-0.00000367,1.467008387,-0.020977458,7.22372E-09,-5.13903E-09,Eps,46,Ori,1,26246,67483.87309,Eps,1.717,1.667
39,26634,37795,1956,,Alp Col,Phakt,5.660817,-34.074108,80.1282,-0.1,-24.05,35,2.65,-1.869,B7IV,-0.12,5.885917,66.110037,-44.89318,0.0000022,0.00002432,-0.00002779,1.481998327,-0.594705371,-4.84814E-10,-1.16598E-07,Alp,,Col,1,26569,487.0796665,,,
40,26727,37742,1948,,50Zet Ori,Alnitak,5.679313,-1.942572,225.7336,3.99,2.54,18,1.74,-5.028,O9.5Ib SB,-0.199,18.918488,224.809409,-7.651875,-0.0000028,0.00001879,0.00000215,1.486840687,-0.033904281,1.93441E-08,1.23143E-08,Zet,50,Ori,1,26662,8937.169609,,,
41,27366,38771,2004,,53Kap Ori,Saiph,5.795941,-9.669605,198.4127,1.55,-1.2,21,2.07,-4.418,B0.5Iavar,-0.168,10.444137,195.314937,-33.326707,-0.00000037,0.00002103,-0.00000475,1.517373893,-0.16876644,7.51461E-09,-5.81776E-09,Kap,53,Ori,1,27298,5095.654806,,,
42,27989,39801,2061,,58Alp Ori,Betelgeuse,5.919529,7.407063,152.6718,27.33,10.86,21,0.45,-5.469,M2Ib,1.5,3.189296,151.364387,19.682142,-0.0000198,0.00002068,0.00001074,1.549729118,0.129277632,1.325E-07,5.26508E-08,Alp,58,Ori,1,27919,13415.28798,Alp,0.571,0.281
43,28360,40183,2088,NN 3375,34Bet Aur,Menkalinan,5.992149,44.947433,24.8694,-56.41,-0.88,-19.4,1.9,-0.078,A2V,0.077,0.036195,17.601288,17.569058,0.00000677,-0.00001398,-0.00001409,1.568740945,0.784480691,-2.73483E-07,-4.26636E-09,Bet,34,Aur,1,28288,93.58365436,Bet,1.967,1.897
44,30089,44179,,,,Red Rectangle,6.332838,-10.637414,440.5286,-10.98,-21.1,0,8.85,0.63,B8,0.344,-37.678828,431.31548,-81.318571,0.00002408,-0.00000625,-0.00004429,1.657933057,-0.185657901,-5.32325E-08,-1.02296E-07,,,Mon,1,30016,48.75284901,V777,8.897,8.767
45,30324,44743,2294,,2Bet CMa,Mirzam,6.378329,-17.955918,151.0574,-3.45,-0.47,34,1.98,-3.916,B1II/III,-0.24,-14.209731,142.995999,-46.568852,-0.00000075,0.00003306,-0.00001105,1.669842696,-0.313389884,-1.67261E-08,-2.27862E-09,Bet,2,CMa,1,30251,3209.223768,Bet,1.999,1.969
46,30438,45348,2326,,Alp Car,Canopus,6.399195,-52.69566,94.7867,19.99,23.67,21,-0.62,-5.504,F0Ib,0.164,-5.992679,57.132034,-75.396105,-0.0000114,0.00002059,-0.00001049,1.675305352,-0.919712775,9.69143E-08,1.14755E-07,Alp,,Car,1,30365,13854.79168,,-0.547,-0.667
47,31681,47105,2421,,24Gam Gem,Alhena,6.628528,16.399252,33.5121,-2.04,-66.92,-13,1.93,-0.696,A0IV,0.001,-5.266162,31.714389,9.461403,0.00000191,-0.0000095,-0.00001418,1.735344593,0.286220944,-9.8902E-09,-3.24437E-07,Gam,24,Gem,1,31601,165.3484012,,,
48,32349,48915,2491,Gl 244A,9Alp CMa,Sirius,6.752481,-16.716116,2.6371,-546.01,-1223.08,-9.4,-1.44,1.454,A0m...,0.009,-0.494323,2.476731,-0.758485,0.00000953,-0.00001207,-0.00001221,1.76779537,-0.291751259,-2.64713E-06,-5.92966E-06,Alp,9,CMa,1,32263,22.82443312,,-1.333,-1.523
49,33579,52089,2618,,21Eps CMa,Adhara,6.977097,-28.972084,124.2236,2.63,2.29,27,1.5,-3.971,B2II,-0.211,-27.497987,105.141608,-60.171969,-0.00000781,0.00002362,-0.00001217,1.826599649,-0.505658252,1.27506E-08,1.11022E-08,Eps,21,CMa,1,33492,3375.981049,,,
50,34444,54605,2693,,25Del CMa,Wezen,7.139857,-26.3932,492.6108,-2.75,3.33,34,1.83,-6.633,F8Ia,0.671,-129.733458,421.761488,-218.979855,-0.00000392,0.00003508,-0.00000833,1.869210132,-0.460648234,-1.33324E-08,1.61443E-08,Del,25,CMa,1,34354,39192.23225,,,
51,35904,58350,2827,,31Eta CMa,Aludra,7.401584,-29.303104,609.7561,-3.76,6.66,41,2.45,-6.476,B5Ia,-0.083,-190.762166,496.337122,-298.432917,-0.0000062,0.00004711,-0.00000336,1.937730188,-0.511435637,-1.8229E-08,3.22886E-08,Eta,31,CMa,1,35806,33915.63869,Eta,2.509,2.409
52,36188,58715,2845,,3Bet CMi,Gomeisa,7.452512,8.289315,49.5786,-50.28,-38.45,22,2.89,-0.586,B8Vvar,-0.097,-18.209817,45.556204,7.147858,0.00000246,0.0000264,-0.0000059,1.951063059,0.144675847,-2.43764E-07,-1.86411E-07,Bet,3,CMi,1,36087,149.4169957,Bet,2.896,2.876
53,36208,,,Gl 273,,Luyten's Star,7.456805,5.225785,3.8026,571.27,-3694.25,18.2,9.84,11.94,M5,1.573,-1.409549,3.514856,0.346358,-0.00001899,0.00001905,-0.00006612,1.952186962,0.091207157,2.7696E-06,-1.79102E-05,,,CMi,1,36107,0.001458814,,,
54,36850,60179,2891,Gl 278A,66Alp Gem,Castor,7.576634,31.888276,15.5958,-206.33,-148.18,6,1.58,0.615,A2Vm,0.034,-5.311938,12.130011,8.238737,0.00000983,0.00001645,-0.00000627,1.98355827,0.556555413,-1.00032E-06,-7.18397E-07,Alp,66,Gem,1,36744,49.4310687,,,
55,37279,61421,2943,Gl 280A,10Alp CMi,Procyon,7.655033,5.224993,3.5142,-716.57,-1034.58,-4,0.4,2.671,F5IV-V,0.432,-1.469312,3.17617,0.320024,0.00001212,0.00000289,-0.00001792,2.004083041,0.091193332,-3.47403E-06,-5.01579E-06,Alp,10,CMi,1,37173,7.440463662,,,
56,37826,62509,2990,Gl 286,78Bet Gem,Pollux,7.755277,28.026199,10.3584,-625.69,-45.95,3.6,1.16,1.084,K0IIIvar,0.991,-4.055465,8.19518,4.867171,0.00002624,0.00001782,-0.00000031,2.030326887,0.489149442,-3.03343E-06,-2.22772E-07,Bet,78,Gem,1,37718,32.09223768,,,
57,39429,66811,3165,,Zet Pup,Naos,8.059737,-40.003148,332.2259,-30.82,16.77,-24,2.21,-5.397,O5IAf,-0.269,-130.674899,218.376203,-213.564535,0.00004333,0.00002425,0.00003647,2.110034133,-0.698186638,-1.4942E-07,8.13033E-08,Zet,,Pup,1,39318,12554.51674,Zet,2.224,2.194
58,41037,71129,3307,,Eps Car,Avior,8.375236,-59.509483,185.5288,-25.34,22.72,2,1.86,-4.482,K3III+B2V,1.196,-54.83708,76.515238,-159.872623,0.00000766,0.00002843,0.00000861,2.192631676,-1.038636414,-1.22852E-07,1.1015E-07,Eps,,Car,1,40921,5405.053537,,,
59,45238,80007,3685,,Bet Car,Miaplacidus,9.220041,-69.717208,34.6981,-157.66,108.91,-5,1.67,-1.032,A2IV,0.07,-8.980712,8.001552,-32.546536,0.00000613,0.00003005,0.00001115,2.413801173,-1.216794819,-7.64357E-07,5.28011E-07,Bet,,Car,1,45106,225.3201336,,,
60,45556,80404,3699,,Iot Car,Tureis,9.284838,-59.275229,234.7418,-19.03,13.11,13,2.21,-4.643,A8Ib,0.189,-90.887872,78.251756,-201.791538,-0.00000074,0.00002921,-0.00000381,2.430764937,-1.034547914,-9.226E-08,6.35591E-08,Iot,,Car,1,45425,6269.024975,,,
61,46390,81797,3748,,30Alp Hya,Alphard,9.45979,-8.658603,55.2792,-14.49,33.25,-4,1.99,-1.723,K3III,1.44,-43.003468,33.722848,-8.322089,0.00000452,0.00000139,0.00000942,2.47656718,-0.151121122,-7.02495E-08,1.61201E-07,Alp,30,Hya,1,46259,425.7944536,,,
62,47908,84441,3873,,17Eps Leo,Ras Elased Australis,9.764188,23.774255,75.643,-46.09,-9.57,4,2.97,-1.424,G0II,0.808,-57.700126,38.244772,30.494289,0.00000504,0.00001694,-0.00000156,2.556258344,0.41493902,-2.23451E-07,-4.63967E-08,Eps,17,Leo,1,47772,323.2957534,,,
63,49669,87901,3982,,32Alp Leo,Regulus,10.139532,11.967207,24.3132,-249.4,4.91,6,1.36,-0.569,B7V,-0.087,-21.018857,11.132218,5.041397,0.00000856,0.00002873,0.00000184,2.654523172,0.208867165,-1.20913E-06,2.38044E-08,Alp,32,Leo,1,49528,147.0957077,,,
64,50583,89484,4057,,41Gam1Leo,Algieba,10.332873,19.841489,39.8883,310.77,-152.88,-37,2.01,-0.994,K0III,1.128,-34.002797,15.860719,13.53874,-0.00000224,-0.00006526,-0.00004065,2.705139837,0.346299306,1.50666E-06,-7.41183E-07,Gam-1,41,Leo,1,50440,217.5704951,,,
65,53910,95418,4295,Wo 9343,48Bet UMa,Merak,11.030677,56.382427,24.4499,81.66,33.74,-12,2.34,0.399,A1V,0.033,-13.103033,3.398358,20.360601,0.00000737,-0.00001191,-0.00000801,2.887824569,0.984058986,3.95899E-07,1.63576E-07,Bet,48,UMa,1,53754,60.31148196,,,
66,54035,95735,,Gl 411,,Lalande 21185,11.055632,35.969877,2.5469,-580.2,-4767.09,-84.3,7.49,10.46,M2V,1.502,-1.998,0.504305,1.495504,0.00003587,-0.00000166,-0.00009828,2.894357577,0.627792793,-2.81289E-06,-2.31115E-05,,,UMa,1,53879,0.005701643,,,
67,54061,95689,4301,,50Alp UMa,Dubhe,11.062155,61.751033,37.679,-136.46,-35.25,-9,1.81,-1.07,F7V comp,1.061,-17.298705,4.33488,33.191332,0.00000478,0.0000245,-0.00001116,2.89606535,1.077758845,-6.61577E-07,-1.70897E-07,Alp,50,UMa,1,53905,233.3458062,,,
68,54872,97603,4357,Gl 419,68Del Leo,Zosma,11.235138,20.523717,17.9147,143.31,-130.43,-20.2,2.56,1.294,A4V,0.128,-16.442201,3.337108,6.280742,0.00001259,-0.00001526,-0.00001785,2.941352165,0.358206432,6.94786E-07,-6.32342E-07,Del,68,Leo,1,54712,26.44843627,,,
69,57632,102647,4534,Gl 448,94Bet Leo,Denebola,11.817663,14.57206,10.9999,-499.02,-113.78,-0.2,2.14,1.933,A3Vvar,0.09,-10.633926,0.508011,2.767546,-0.00000006,0.00002664,-0.00000592,3.093856966,0.25433043,-2.41932E-06,-5.51621E-07,Bet,94,Leo,1,57459,14.68249968,,,
70,57939,103095,4550,Gl 451A,,Groombridge 1830,11.88282,37.718679,9.0917,4003.69,-5813,-99.1,6.42,6.627,G8Vp,0.754,-7.187679,0.220247,5.561623,-0.00008204,-0.00017401,-0.00026465,3.110914983,0.658315145,1.94104E-05,-2.81822E-05,,,UMa,1,57767,0.194625616,CF,6.546,6.406
71,58001,103287,4554,,64Gam UMa,Phad,11.897168,53.69476,25.5037,107.76,11.16,-13,2.41,0.377,A0V SB,0.044,-15.094867,0.406425,20.552678,0.00000862,-0.00001356,-0.0000099,3.114671245,0.937150353,5.22435E-07,5.41052E-08,Gam,64,UMa,1,57828,61.54602374,,,
72,59774,106591,4660,Gl 459,69Del UMa,Megrez,12.257086,57.032617,24.6853,103.56,7.81,-13.4,3.32,1.358,A3Vvar,0.077,-13.402309,-0.903455,20.710384,0.00000906,-0.00001181,-0.00001099,3.208897599,0.995406944,5.02073E-07,3.78639E-08,Del,69,UMa,1,59592,24.93446188,,,
73,59803,106625,4662,,4Gam Crv,Gienah Ghurab,12.263437,-17.541929,47.1032,-159.58,22.31,-4,2.58,-0.785,B8III,-0.107,-44.805937,-3.095058,-14.197066,-0.00000015,0.00003652,0.00000609,3.210560407,-0.306164426,-7.73666E-07,1.08162E-07,Gam,4,Crv,1,59621,179.4733627,,,
74,60718,108248,4730,,Alp1Cru,Acrux,12.443311,-63.099092,98.7167,-35.37,-14.73,-11,0.77,-4.202,B0.5IV,-0.243,-44.363755,-5.171957,-88.034513,0.00000934,0.00001813,0.00000684,3.257651282,-1.101286903,-1.71479E-07,-7.14131E-08,Alp-1,,Cru,1,60530,4176.37993,,,
75,60936,,,,,3C 273,12.485193,2.052398,100000,-11.01,4.38,0,12.88,-7.12,,0.12,-99130.70606,-12660.05862,3581.344963,-0.00060072,0.00530397,0.00212194,3.268615816,0.03582111,-5.3378E-08,2.12348E-08,,,,1,60731,61376.20052,,13.034,12.694
76,60965,108767,4757,,7Del Crv,Algorab,12.497739,-16.515432,26.6312,-209.97,-139.3,9,2.94,0.813,B9.5V,-0.012,-25.316094,-3.317674,-7.57057,-0.0000072,0.00002639,-0.00001986,3.271900435,-0.288248674,-1.01796E-06,-6.75345E-07,Del,7,Crv,1,60776,41.19077849,,,
77,61084,108903,4763,,Gam Cru,Gacrux,12.519429,-57.113212,27.1518,27.94,-264.33,21,1.59,-0.579,M4III,1.6,-14.606901,-1.998688,-22.800748,0.00001789,-0.00000126,-0.00003693,3.277578929,-0.996813589,1.35457E-07,-1.28151E-06,Gam,,Cru,1,60893,148.4567675,,,
78,61359,109379,4786,,9Bet Crv,Kraz,12.573121,-23.396759,44.6628,0.86,-56,-8,2.65,-0.6,G5II,0.893,-40.529889,-6.127261,-17.73539,0.00001221,0.00000166,-0.00000788,3.2916353,-0.408350481,4.1694E-09,-2.71496E-07,Bet,9,Crv,1,61166,151.3561248,,,
79,61941,110379,4825,Gl 482A,29Gam Vir,Porrima,12.694345,-1.449375,11.685,-616.66,60.66,-19.9,2.74,2.402,F0V+...,0.368,-11.488622,-2.111702,-0.295552,0.00001361,0.00003802,0.00000395,3.323371774,-0.025296363,-2.98965E-06,2.94088E-07,Gam,29,Vir,1,61748,9.532350439,,,
80,62434,111123,4853,,Bet Cru,Becrux,12.795359,-59.688764,85.3971,-48.24,-12.82,16,1.25,-3.407,B0.5III,-0.238,-42.168771,-8.909619,-73.723149,-0.00000773,0.00001878,-0.00001681,3.349817027,-1.04176545,-2.33874E-07,-6.21531E-08,Bet,,Cru,1,62239,2008.167804,Bet,1.267,1.237
81,62956,112185,4905,,77Eps UMa,Alioth,12.900472,55.959821,25.31,111.74,-8.99,-9,1.76,-0.256,A0p,-0.022,-13.775959,-3.309169,20.972944,0.00000732,-0.00001234,-0.00000824,3.37733559,0.976683127,5.41731E-07,-4.35847E-08,Eps,77,UMa,1,62757,110.2554332,Eps,1.776,1.746
82,63125,112413,4915,,12Alp2CVn,Cor Caroli,12.933807,38.31838,35.1989,-233.43,54.98,-3,2.89,0.157,A0spe...,-0.115,-26.795114,-6.684223,21.824384,-0.00000166,0.00004064,0.00000546,3.386062718,0.66878189,-1.1317E-06,2.66551E-07,Alp-2,12,CVn,1,62925,75.37025767,Alp-2,2.943,2.863
83,63608,113226,4932,,47Eps Vir,Vindemiatrix,13.036278,10.95915,33.6022,-275.05,19.96,-14,2.85,0.218,G8IIIvar,0.934,-31.782664,-8.840495,6.38806,0.00000213,0.0000471,0.00000047,3.412889543,0.191273257,-1.33348E-06,9.67688E-08,Eps,47,Vir,1,63405,71.25248248,,,
84,65378,116656,5054,NN 3783A,79Zet UMa,Mizar,13.398747,54.925362,26.3089,121.23,-22.01,-5.6,2.23,0.129,A2V,0.057,-14.115808,-5.413302,21.531272,0.00000646,-0.00001408,-0.0000063,3.507783855,0.958628404,5.8774E-07,-1.06707E-07,Zet,79,UMa,1,65173,77.3392578,,2.336,2.196
85,65474,116658,5056,,67Alp Vir,Spica,13.419883,-11.161322,76.5697,-42.5,-31.73,1,0.98,-3.44,B1V,-0.235,-69.990853,-27.285826,-14.82176,-0.00000454,0.00001516,-0.00001175,3.513317218,-0.194801818,-2.06046E-07,-1.53831E-07,Alp,67,Vir,1,65269,2070.141349,Alp,1.001,0.961
86,65477,116842,5062,NN 3785,80    UMa,Alcor,13.420413,54.987958,25.0564,120.35,-16.94,-8.9,3.99,1.995,A5V SB,0.169,-13.393436,-5.223608,20.521915,0.00000861,-0.00001233,-0.00000864,3.51345583,0.959720908,5.83473E-07,-8.21274E-08,,80,UMa,1,65272,13.86755829,,,
87,67301,120315,5191,,85Eta UMa,Alkaid,13.792354,49.313265,31.8674,-121.23,-15.56,-11,1.85,-0.667,B3V SB,-0.099,-18.529548,-9.394541,24.164506,-0.00000355,0.0000192,-0.0000101,3.610829901,0.860678839,-5.8774E-07,-7.5437E-08,Eta,85,UMa,1,67088,160.9904076,,,
88,67927,121370,5235,Gl 534,8Eta Boo,Mufrid,13.911411,18.397717,11.396,-60.95,-358.1,1,2.68,2.396,G0IV,0.58,-9.487671,-5.188142,3.596709,-0.00000795,-0.00000051,-0.00001845,3.641998952,0.321100736,-2.95494E-07,-1.73612E-06,Eta,8,Boo,1,67711,9.585173977,,,
89,68702,122451,5267,,Bet Cen,Hadar,14.063729,-60.373039,120.1923,-33.96,-25.06,6,0.61,-4.789,B1III,-0.231,-50.954051,-30.56287,-104.478695,-0.00000189,0.00002194,-0.00001255,3.68187566,-1.053708314,-1.64643E-07,-1.21494E-07,Bet,,Cen,1,68483,7171.334827,Bet,0.634,0.594
90,68756,123299,5291,,11Alp Dra,Thuban,14.073165,64.37585,92.9368,-56.52,17.19,-13,3.67,-1.171,A0III SB,-0.049,-34.416017,-20.758849,83.796391,-0.00000225,0.00002838,-0.00000864,3.684345906,1.123570548,-2.74017E-07,8.33395E-08,Alp,11,Dra,1,68537,256.0943517,,,
91,68933,123139,5288,Gl 539,5The Cen,Menkent,14.111395,-36.369954,18.0343,-519.29,-517.87,1.3,2.06,0.78,K0IIIb,1.011,-12.358808,-7.624204,-10.694288,-0.0000019,0.00005217,-0.00003724,3.694354548,-0.634775453,-2.51759E-06,-2.5107E-06,The,5,Cen,1,68714,42.46195639,,,
92,69673,124897,5340,Gl 541,16Alp Boo,Arcturus,14.26103,19.18241,11.2575,-1093.45,-1999.4,-5,-0.05,-0.307,K2IIIp,1.239,-8.823448,-5.932531,3.698938,-0.00005905,0.0000322,-0.00010473,3.733529029,0.334796218,-5.3012E-06,-9.69336E-06,Alp,16,Boo,1,69451,115.5579955,,,
93,70890,,,Gl 551,,Proxima Centauri,14.495985,-62.679485,1.2959,-3775.64,768.16,-16,11.01,15.447,M5Ve,1.807,-0.472264,-0.361451,-1.151219,-0.00001186,0.00002079,0.00001675,3.795039917,-1.093963385,-1.83048E-05,3.72414E-06,,,Cen,1,70666,5.77032E-05,V645,11.079,10.939
94,71683,128620,5459,Gl 559A,Alp1Cen,Rigil Kentaurus,14.660765,-60.833976,1.3248,-3678.19,481.84,-26.2,-0.01,4.379,G2V,0.71,-0.495203,-0.414084,-1.156625,-0.00000722,0.00002476,0.00002491,3.838179212,-1.061753176,-1.78324E-05,2.33603E-06,Alp-1,,Cen,1,71456,1.543121066,,0.113,-0.087
95,72105,129988,5505,,36Eps Boo,Izar,14.749784,27.074222,62.1118,-50.65,20,-23,2.35,-1.616,A0,0.966,-41.582771,-36.462926,28.269741,0.00000775,0.00002708,-0.00000534,3.861484338,0.472534323,-2.45558E-07,9.69627E-08,Eps,36,Boo,1,71879,385.8335599,,,
96,72607,131873,5563,,7Bet UMi,Kochab,14.845105,74.155505,40.1445,-32.29,11.91,17,2.07,-0.948,K4IIIvar,1.465,-8.058164,-7.429707,38.619407,-0.00000611,0.00000291,0.00001736,3.88643929,1.294257717,-1.56546E-07,5.77413E-08,Bet,7,UMi,1,72380,208.5451048,,,
97,72622,130841,5531,Gl 564.1,9Alp2Lib,Zubenelgenubi,14.847977,-16.041778,23.2396,-105.69,-69,-46.7,2.75,0.919,A3IV,0.147,-16.408581,-15.151818,-6.421874,0.00002722,0.00004135,0.00000573,3.88719117,-0.279981846,-5.124E-07,-3.34521E-07,Alp-2,9,Lib,1,72396,37.35940923,,,
98,74785,135742,5685,,27Bet Lib,Zubeneschemali,15.283449,-9.382917,56.7537,-96.39,-20.76,-35,2.61,-1.16,B8V,-0.071,-36.549398,-42.420251,-9.252607,0.00000357,0.00004477,0.0000002,4.001197527,-0.163762802,-4.67312E-07,-1.00647E-07,Bet,27,Lib,1,74556,253.512863,,,
99,76267,139006,5793,,5Alp CrB,Alphekka,15.578128,26.714693,23.0097,120.38,-89.44,2,2.22,0.41,A0V,0.032,-12.176093,-16.558746,10.343974,0.00000708,-0.00001304,-0.00000799,4.078344289,0.466259351,5.83619E-07,-4.33617E-07,Alp,5,CrB,1,76035,59.70352866,Alp,2.289,2.209
100,77070,140573,5854,Gl 596.2,24Alp Ser,Unukalhai,15.737798,6.425627,22.6757,134.66,44.14,2.7,2.63,0.852,K2III,1.167,-12.5786,-18.695648,2.537718,0.00001105,-0.00001009,0.00000513,4.120145986,0.112148346,6.5285E-07,2.13997E-07,Alp,24,Ser,1,76835,39.73745051,,,
101,78401,143275,5953,,7Del Sco,Dschubba,16.005557,-22.62171,150.6024,-8.67,-36.9,-7,2.29,-3.599,B0.2IV,-0.117,-69.332609,-120.492107,-57.928452,0.00000298,0.00001787,-0.00002211,4.190245125,-0.394823319,-4.20333E-08,-1.78896E-07,Del,7,Sco,1,78165,2396.624529,Del,2.299,2.279
102,78820,144217,5984,,8Bet1Sco,Graffias,16.09062,-19.805453,123.9157,-6.75,-24.89,-1,2.56,-2.906,B0.5V,-0.065,-55.881427,-102.320756,-41.98604,-0.00000067,0.00000723,-0.00001372,4.212514383,-0.34567037,-3.27249E-08,-1.2067E-07,Bet-1,8,Sco,1,78580,1265.901749,,,
103,80763,148478,6134,,21Alp Sco,Antares,16.490128,-26.432002,169.7793,-10.16,-23.21,-3,1.06,-5.089,M1Ib + B2.5V,1.865,-58.542602,-140.307591,-75.574766,-0.00000338,0.0000136,-0.00001574,4.317105466,-0.461325471,-4.92571E-08,-1.12525E-07,Alp,21,Sco,1,80519,9453.66046,Alp,1.155,0.995
104,80816,148856,6148,,27Bet Her,Kornephoros,16.503668,21.489613,42.6621,-98.43,-14.49,-26,2.78,-0.37,G8III,0.947,-15.155861,-36.689058,15.62843,-0.00000979,0.00002963,-0.00001253,4.320650131,0.375064505,-4.77202E-07,-7.02495E-08,Bet,27,Her,1,80571,122.4616199,,,
105,82273,150798,6217,,Alp TrA,Atria,16.811077,-69.027715,119.7605,17.85,-32.92,-3,1.91,-3.482,K2IIb-IIIa,1.447,-13.127447,-40.804561,-111.826781,0.00001567,0.00001486,-0.00000398,4.401129586,-1.204760901,8.65392E-08,-1.59601E-07,Alp,,TrA,1,82022,2151.79057,,,
106,84345,156014,6406,,64Alp1Her,Rasalgethi,17.244127,14.390333,110.2536,-6.71,32.78,-33,2.78,-2.432,M5IIvar,1.164,-20.995512,-104.709944,27.400863,0.00000377,0.00003703,0.00000858,4.514501981,0.251158688,-3.2531E-08,1.58922E-07,Alp-1,64,Her,1,84086,818.0879579,Alp,2.967,2.567
107,85670,159181,6536,,23Bet Dra,Rastaban,17.507213,52.301387,116.5501,-15.59,11.57,-20,2.79,-2.543,G2II,0.954,-9.169333,-70.678899,92.218765,-0.00000646,0.00001867,-0.00001219,4.583377712,0.912831407,-7.55825E-08,5.60929E-08,Bet,23,Dra,1,85410,906.1498022,,,
108,85927,158926,6527,,35Lam Sco,Shaula,17.560145,-37.103821,175.1313,-8.9,-29.95,-3,1.62,-4.597,B1.5IV+...,-0.231,-16.048583,-138.749793,-105.649898,-0.00000546,0.00001854,-0.00001843,4.597235152,-0.647583843,-4.31484E-08,-1.45202E-07,Lam,35,Sco,1,85665,6008.969505,Lam,1.656,1.596
109,86032,159561,6556,Gl 681,55Alp Oph,Rasalhague,17.582241,12.560035,14.8965,110.08,-222.61,12.6,2.08,1.215,A5III,0.155,-1.587067,-14.453242,3.239454,0.00000615,-0.00001685,-0.00001289,4.603020023,0.219213961,5.33683E-07,-1.07924E-06,Alp,55,Oph,1,85769,28.44461107,,,
110,86228,159532,6553,,The Sco,Sargas,17.62198,-42.997824,92.081,6.06,-0.95,1,1.86,-2.961,F1II,0.406,-6.654055,-67.016643,-62.796539,0.00000265,-0.00000072,-0.00000101,4.613423665,-0.750453596,2.93797E-08,-4.60573E-09,The,,Sco,1,85965,1331.680376,,,
111,86742,161096,6603,,60Bet Oph,Cebalrai,17.724543,4.567303,25.0941,-40.67,158.8,-12,2.76,0.762,K2III,1.168,-1.802333,-24.949291,1.998237,-0.00000394,0.00001409,0.00001828,4.640274383,0.079714471,-1.97174E-07,7.69884E-07,Bet,60,Oph,1,86475,43.17178445,,,
112,87833,164058,6705,,33Gam Dra,Etamin,17.943437,51.488895,47.3037,-8.52,-23.05,-28,2.24,-1.134,K5III,1.521,-0.436154,-29.451035,37.014357,-0.00000175,0.00001372,-0.0000257,4.697580792,0.898650744,-4.13061E-08,-1.1175E-07,Gam,33,Dra,1,87561,247.5141318,,,
113,87937,,,Gl 699,,Barnard's Star,17.963472,4.693388,1.8238,-797.84,9999.99,-111,9.54,13.235,sdM4,1.57,-0.017373,-1.816613,0.149123,-0.00000591,0.0001204,0.00007888,4.702826032,0.081915079,-3.86804E-06,5.00664E-05,,,Oph,1,87665,0.000442588,V2500,9.59,9.49
114,88635,165135,6746,,10Gam2Sgr,Nash,18.096803,-30.424091,29.7,-55.75,-181.53,22,2.98,0.616,K0III,0.981,0.648969,-25.602281,-15.040072,-0.00000787,-0.00000637,-0.00003393,4.737732034,-0.531000564,-2.70284E-07,-8.80082E-07,Gam-2,10,Sgr,1,88361,49.38556196,,,
115,89931,168454,6859,,19Del Sgr,Kaus Meridionalis,18.3499,-29.828103,106.6098,29.96,-26.38,-20,2.72,-2.419,K3III,1.38,8.460232,-92.098382,-53.027575,0.00001318,0.00002584,-0.00000165,4.803992513,-0.52059861,1.4525E-07,-1.27894E-07,Del,19,Sgr,1,89653,808.3510374,,,
116,90185,169022,6879,,20Eps Sgr,Kaus Australis,18.402868,-34.384616,43.9367,-39.61,-124.05,-15,1.79,-1.424,B9.5III,-0.031,3.817188,-36.057831,-24.812975,-0.00001129,0.00002654,-0.00001314,4.817859453,-0.600124762,-1.92035E-07,-6.01411E-07,Eps,20,Sgr,1,89906,323.2957534,,,
117,90496,169916,6913,Gl 713.1,22Lam Sgr,Kaus Borealis,18.466179,-25.4217,23.9693,-44.81,-186.29,-43.2,2.82,0.922,K1IIIb,1.025,2.635486,-21.487046,-10.289309,-0.00001116,0.0000482,-0.00000058,4.834434275,-0.443692368,-2.17245E-07,-9.03159E-07,Lam,22,Sgr,1,90217,37.25632385,,,
118,91262,172167,7001,Gl 721,3Alp Lyr,Vega,18.61564,38.783692,7.6787,201.02,287.46,-12.1,0.03,0.604,A0Vvar,-0.001,0.960565,-5.908009,4.809731,0.00000476,0.00001734,0.00000059,4.873563096,0.676903116,9.74572E-07,1.39365E-06,Alp,3,Lyr,1,90979,49.93441887,,,
119,92420,174638,7106,,10Bet Lyr,Sheliak,18.834665,33.362667,294.9853,1.1,-4.46,-19,3.52,-3.829,A8:V comp SB,0.003,53.40884,-240.514817,162.223134,-0.00000122,0.00001276,-0.00001601,4.930903799,0.582288386,5.33295E-09,-2.16227E-08,Bet,10,Lyr,1,92133,2962.101936,Bet,4.259,3.329
120,92855,175191,7121,,34Sig Sgr,Nunki,18.92109,-26.296722,69.8324,13.87,-52.65,-11,2.05,-2.17,B2.5V,-0.134,14.950858,-60.794062,-30.937099,0.00000027,0.00001858,-0.000011,4.953529829,-0.458964384,6.72437E-08,-2.55254E-07,Sig,34,Sgr,1,92564,642.6877173,,,
121,94141,178524,7264,,41Pi  Sgr,Albaldah,19.162731,-21.023615,156.25,-1.17,-36.83,-10,2.88,-3.089,F2II/III,0.377,43.714239,-139.143552,-56.055078,-0.00000671,0.00001839,-0.00002237,5.016791345,-0.366931299,-5.67232E-09,-1.78557E-07,Pi,41,Sgr,1,93846,1498.304211,,,
122,95947,183912,7417,,6Bet1Cyg,Albireo,19.512023,27.959681,133.1558,-7.09,-5.63,-24,3.05,-2.572,K3II+...,1.088,45.350466,-108.51838,62.430012,-0.00001193,0.00001667,-0.00001472,5.108235547,0.487988492,-3.43733E-08,-2.7295E-08,Bet-1,6,Cyg,1,95648,930.6791832,,,
123,96295,184738,,,,Campbell's Hydrogen Star,19.579231,30.516371,100000,-4.16,-10.19,-30.4,10,-10,WC...,-0.013,34611.2841,-78889.8449,50778.45341,-0.00084972,-0.00308271,-0.00427137,5.125830766,0.532611152,-2.01682E-08,-4.94025E-08,,,Cyg,1,95992,870963.59,V1966,10.048,9.938
124,97278,186791,7525,,50Gam Aql,Tarazed,19.770994,10.613261,121.0654,15.72,-3.08,-2,2.72,-2.695,K3II,1.507,53.215608,-106.431852,22.297682,0.0000075,0.00000563,-0.00000215,5.176034186,0.185236351,7.62127E-08,-1.49323E-08,Gam,50,Aql,1,96970,1042.317429,,,
125,97649,187642,7557,Gl 768,53Alp Aql,Altair,19.846388,8.868322,5.1295,536.82,385.54,-26.1,0.76,2.21,A7IV-V,0.221,2.355468,-4.4873,0.790749,-0.00000112,0.00003087,0.00000536,5.195772106,0.154781417,2.60258E-06,1.86915E-06,Alp,53,Aql,1,97338,11.37627286,Alp,0.803,0.753
126,98036,188512,7602,Gl 771A,60Bet Aql,Alshain,19.921887,6.406763,13.6986,46.35,-481.32,-40.7,3.71,3.027,G8IVvar,0.855,6.563854,-11.925647,1.528534,-0.00001553,0.0000346,-0.00003641,5.215537811,0.111819116,2.24711E-07,-2.33351E-06,Bet,60,Aql,1,97725,5.360434578,,,
127,98298,226868,,,,Cygnus X-1,19.972688,35.201604,595.2381,-3.82,-7.62,-2.7,8.84,-0.033,B0Ib,0.73,240.17499,-422.950898,343.12808,-0.00000444,-0.0000145,-0.00001956,5.228837433,0.614383894,-1.85199E-08,-3.69428E-08,,,Cyg,1,97987,89.78421709,V1357,8.883,8.793
128,100453,194093,7796,,37Gam Cyg,Sadr,20.370473,40.256679,561.7978,2.43,-0.93,-8,2.23,-6.518,F8Ib,0.673,249.318228,-348.795593,363.040966,0.0000027,0.0000076,-0.00000722,5.332977255,0.702611598,1.1781E-08,-4.50877E-09,Gam,37,Cyg,1,100128,35253.31812,,,
129,100751,193924,7790,,Alp Pav,Peacock,20.427459,-56.73509,54.8246,7.71,-86.15,2,1.94,-1.755,B2IV,-0.118,17.850262,-24.200974,-45.841245,-0.00000905,0.00001572,-0.00001427,5.347896379,-0.990214122,3.73791E-08,-4.17667E-07,Alp,,Pav,1,100425,438.5306978,,,
130,102098,197345,7924,,50Alp Cyg,Deneb,20.690532,45.280338,432.9004,1.56,1.55,-5,1.25,-6.932,A2Ia,0.092,197.250632,-232.113407,307.600832,-0.00000133,0.00000662,-0.00000134,5.416768542,0.790290983,7.56309E-09,7.51461E-09,Alp,50,Cyg,1,101767,51617.86055,Alp,1.294,1.224
131,102488,197989,7949,Gl 806.1A,53Eps Cyg,Gienah,20.770178,33.970256,22.2916,356.16,330.28,-10.9,2.48,0.739,K0III,1.021,12.262597,-13.834612,12.455654,0.00000944,0.00004737,0.00002337,5.437619819,0.592892816,1.72671E-06,1.60124E-06,Eps,53,Cyg,1,102157,44.09608165,,,
132,105090,202560,,Gl 825,,Lacaille 8760,21.287725,-38.867362,3.9462,-3259,-1146.99,28.2,6.69,8.709,M1/M2V,1.397,2.330004,-2.003156,-2.476477,-0.00003405,-0.00005295,-0.00003518,5.573113374,-0.678363443,-1.58001E-05,-5.56076E-06,,,Mic,1,104751,0.028602237,AX,6.707,6.667
133,105199,203280,8162,Gl 826,5Alp Cep,Alderamin,21.30963,62.585573,15.0376,149.91,48.27,-11.5,2.45,1.564,A7IV-V,0.257,5.276111,-4.483201,13.348778,0.00000057,0.00001386,-0.00000882,5.578848152,1.092324305,7.26784E-07,2.3402E-07,Alp,5,Cep,1,104861,20.62528698,,,
134,106278,204867,8232,,22Bet Aqr,Sadalsuud,21.525982,-5.571172,164.7446,22.79,-6.7,7,2.9,-3.184,G0Ib,0.828,130.759282,-98.929336,-15.993766,0.00001625,0.00001053,-0.00000602,5.635488812,-0.097235298,1.10489E-07,-3.24825E-08,Bet,22,Aqr,1,105936,1635.309652,,,
135,107315,206778,8308,,8Eps Peg,Enif,21.736433,9.875011,211.4165,30.02,1.38,5,2.38,-4.246,K2Ibvar,1.52,172.769915,-116.330918,36.25782,0.00002116,0.00002284,0.00000227,5.690584775,0.17235146,1.45541E-07,6.69043E-09,Eps,8,Peg,1,106972,4349.106072,Eps,2.404,2.364
136,109074,209750,8414,,34Alp Aqr,Sadalmelik,22.096399,-0.319851,160.5136,17.9,-9.93,8,2.95,-3.078,G2Ib,0.969,140.987693,-76.722268,-0.896054,0.00001381,0.00000834,-0.00000777,5.784823674,-0.005582447,8.67816E-08,-4.8142E-08,Alp,34,Aqr,1,108728,1483.200967,,,
137,109268,209952,8425,Gl 848.2,Alp Gru,Alnair,22.137209,-46.960975,30.9693,127.6,-147.91,10.9,1.73,-0.725,B7IV,-0.07,18.672505,-9.904001,-22.635193,0.00000136,0.00002096,-0.0000233,5.795507643,-0.81962364,6.18622E-07,-7.17088E-07,Alp,,Gru,1,108922,169.8243652,,,
138,110893,239960,,Gl 860A,,Kruger 60,22.466642,57.695875,4.001,-870.23,-471.1,-33.3,9.59,11.579,M2V,1.613,1.968033,-0.83547,3.381486,-0.00001624,-0.00001144,-0.00003367,5.881753023,1.006982982,-4.21899E-06,-2.28396E-06,,,Cep,1,110547,0.00203423,DO,9.628,9.548
139,112158,215182,8650,,44Eta Peg,Matar,22.716704,30.221245,65.703,13.11,-26.11,4,2.93,-1.158,G2II-III..,0.852,53.59916,-18.717064,33.070991,0.00000867,0.0000014,-0.00000513,5.947219325,0.527460231,6.35591E-08,-1.26585E-07,Eta,44,Peg,1,111804,253.0463049,,,
140,112247,215441,,,,Babcock's star,22.735418,55.589226,100000,4.96,-0.98,0,8.83,-11.17,A0p,0.031,53443.38342,-18369.41072,82500.72435,0.00115224,0.00214649,-0.00026848,5.952118392,0.970215017,2.40468E-08,-4.75117E-09,,,Lac,1,111893,2558585.887,GL,8.907,8.757
141,113368,216956,8728,Gl 881,24Alp PsA,Fomalhaut,22.960838,-29.622236,7.7036,329.22,-164.22,6.1,1.17,1.737,A3V,0.145,6.450517,-1.799476,-3.807757,0.00000561,0.0000112,-0.00000841,6.011133384,-0.517005551,1.5961E-06,-7.96161E-07,Alp,24,PsA,1,113008,17.58733354,,,
142,113881,217906,8775,,53Bet Peg,Scheat,23.062901,28.082789,60.0962,187.76,137.61,9,2.44,-1.454,M2II-IIIvar,1.655,51.433435,-12.877612,28.290136,0.00000286,0.00005567,0.0000397,6.037853304,0.490137132,9.10286E-07,6.67152E-07,Bet,53,Peg,1,113521,332.3533036,Bet,2.584,2.384
143,113963,218045,8781,,54Alp Peg,Markab,23.079348,15.205264,40.8831,61.1,-42.56,-4,2.49,-0.568,B9.5III,-0.002,38.311434,-9.417123,10.722722,0.00000121,0.00001217,-0.00000921,6.042159146,0.265381927,2.96221E-07,-2.06337E-07,Alp,54,Peg,1,113603,146.9602899,,,
144,114046,217987,,Gl 887,,Lacaille 9352,23.097531,-35.853073,3.2759,6767.26,1326.66,9.5,7.35,9.773,M2/M3V,1.483,2.581532,-0.621353,-1.918773,0.00004484,0.00009974,0.00001138,6.046919538,-0.625754162,3.28086E-05,6.43183E-06,,,PsA,1,113687,0.010734949,,,
145,7751,10361,487,Gl 66A,,p Eridani,1.663003,-56.19462,8.1466,268.8,25.41,19.5,5.8,6.245,K2 V,0.86,4.110128,1.912046,-6.7701,0.00000634,0.00001466,-0.00001601,0.43537305,-0.980781133,1.30318E-06,1.23186E-07,,,Eri,1,118084,0.276694165,,,
,,,,,,,,,,,,,,,,,,,,,,,,,,,,,,,,,,,
,,,,,,,,,,,,,,,,,,,,,,,,,,,,,,,,,,,
,,,,,,,,,,,,,,,,,,,,,,,,,,,,,,,,,,,
,,,,,,,,,,,,,,,,,,,,,,,,,,,,,,,,,,,
,,,,,,,,,,,,,,,,,,,,,,,,,,,,,,,,,,,
,,,,,,,,,,,,,,,,,,,,,,,,,,,,,,,,,,,
,,,,,,,,,,,,,,,,,,,,,,,,,,,,,,,,,,,
,,,,,,,,,,,,,,,,,,,,,,,,,,,,,,,,,,,
,,,,,,,,,,,,,,,,,,,,,,,,,,,,,,,,,,,
,,,,,,,,,,,,,,,,,,,,,,,,,,,,,,,,,,,
,,,,,,,,,,,,,,,,,,,,,,,,,,,,,,,,,,,
,,,,,,,,,,,,,,,,,,,,,,,,,,,,,,,,,,,
,,,,,,,,,,,,,,,,,,,,,,,,,,,,,,,,,,,
,,,,,,,,,,,,,,,,,,,,,,,,,,,,,,,,,,,
,,,,,,,,,,,,,,,,,,,,,,,,,,,,,,,,,,,
,,,,,,,,,,,,,,,,,,,,,,,,,,,,,,,,,,,
,,,,,,,,,,,,,,,,,,,,,,,,,,,,,,,,,,,
,,,,,,,,,,,,,,,,,,,,,,,,,,,,,,,,,,,
,,,,,,,,,,,,,,,,,,,,,,,,,,,,,,,,,,,
,,,,,,,,,,,,,,,,,,,,,,,,,,,,,,,,,,,
,,,,,,,,,,,,,,,,,,,,,,,,,,,,,,,,,,,
,,,,,,,,,,,,,,,,,,,,,,,,,,,,,,,,,,,
,,,,,,,,,,,,,,,,,,,,,,,,,,,,,,,,,,,
,,,,,,,,,,,,,,,,,,,,,,,,,,,,,,,,,,,
,,,,,,,,,,,,,,,,,,,,,,,,,,,,,,,,,,,
,,,,,,,,,,,,,,,,,,,,,,,,,,,,,,,,,,,
,,,,,,,,,,,,,,,,,,,,,,,,,,,,,,,,,,,
,,,,,,,,,,,,,,,,,,,,,,,,,,,,,,,,,,,
,,,,,,,,,,,,,,,,,,,,,,,,,,,,,,,,,,,
,,,,,,,,,,,,,,,,,,,,,,,,,,,,,,,,,,,
,,,,,,,,,,,,,,,,,,,,,,,,,,,,,,,,,,,
